,link,regularPrice,promoPrice,availability,categories,rate,numberOfReviews,gender
0,"https://www.rossmann.pl/Produkt/Serum/LOreal-Paris-Age-Perfect-Cell-Renew-serum-do-twarzy-na-noc-30-ml,390628,9225","89,99 zł","58,99 zł",DOSTĘPNY ONLINE,Twarz/Pielęgnacja twarzy/Serum,None,None,None
1,"https://www.rossmann.pl/Produkt/Kremy-pod-oczy/LOreal-Paris-Age-Perfect-Cell-Renew-krem-pod-oczy-15-ml,390630,9224","79,99 zł","52,99 zł",DOSTĘPNY ONLINE,Twarz/Pielęgnacja twarzy/Kremy pod oczy,None,None,None
2,"https://www.rossmann.pl/Produkt/Kremy-do-twarzy/LOreal-Paris-Age-Perfect-Cell-Renew-krem-na-dzien-rewitalizujacy-SPF-30-50-ml,390632,9223","79,99 zł","52,99 zł",DOSTĘPNY ONLINE,Twarz/Pielęgnacja twarzy/Kremy do twarzy,None,None,kobieta 
3,"https://www.rossmann.pl/Produkt/Kremy-do-twarzy/LOreal-Paris-Age-Perfect-Cell-Renew-krem-na-dzien-rewitalizujacy-50-ml,390629,9223","79,99 zł","52,99 zł",DOSTĘPNY ONLINE,Twarz/Pielęgnacja twarzy/Kremy do twarzy,None,None,kobieta 
4,"https://www.rossmann.pl/Produkt/Kremy-do-twarzy/LOreal-Paris-Age-Perfect-Cell-Renew-krem-na-noc-regenerujacy-50-ml,390631,9223","79,99 zł","52,99 zł",DOSTĘPNY ONLINE,Twarz/Pielęgnacja twarzy/Kremy do twarzy,None,None,kobieta 
5,"https://www.rossmann.pl/Produkt/Kremy-do-twarzy/LOreal-Paris-Age-Perfect-Zloty-Wiek-rozany-krem-wzmacniajacy-na-dzien-skora-dojrzala-i-pozbawiona,250869,9223","59,99 zł","43,99 zł",DOSTĘPNY ONLINE,Twarz/Pielęgnacja twarzy/Kremy do twarzy,4.5,(10 Opinii),kobieta 
6,"https://www.rossmann.pl/Produkt/Kremy-do-twarzy/LOreal-Paris-Age-Perfect-Zloty-Wiek-bogaty-krem-wzmacniajacy-na-noc-skora-dojrzala-60-50-ml,250871,9223","59,99 zł","43,99 zł",DOSTĘPNY ONLINE,Twarz/Pielęgnacja twarzy/Kremy do twarzy,4.0,(15 Opinii),kobieta 
7,"https://www.rossmann.pl/Produkt/Serum/Janda-Collagen-Reconstructor-odmladzajace-serum-odzywka-na-twarz-szyje-i-dekolt-50-ml,331796,9225","53,99 zł","39,99 zł",DOSTĘPNY ONLINE,Twarz/Pielęgnacja twarzy/Serum,None,None,None
8,"https://www.rossmann.pl/Produkt/Kremy-do-twarzy/Janda-Collagen-Reconstructor-krem-pod-oczy-redukujacy-zmarszczki-i-cienie-pod-oczami-15-ml,331792,9223","37,99 zł","27,99 zł",DOSTĘPNY ONLINE,Twarz/Pielęgnacja twarzy/Kremy do twarzy,None,None,kobieta 
9,"https://www.rossmann.pl/Produkt/Kremy-do-twarzy/Janda-Collagen-Reconstructor-ujedrniajacy-krem-redukujacy-zmarszczki-z-naturalnym-kolagenem-na-dzie,331788,9223","53,99 zł","39,99 zł",DOSTĘPNY ONLINE,Twarz/Pielęgnacja twarzy/Kremy do twarzy,None,None,None
10,"https://www.rossmann.pl/Produkt/Kremy-do-twarzy/Janda-Collagen-Reconstructor-ujedrniajacy-krem-redukujacy-zmarszczki-z-naturalnym-kolagenem-na-noc-,331790,9223","53,99 zł","39,99 zł",DOSTĘPNY ONLINE,Twarz/Pielęgnacja twarzy/Kremy do twarzy,None,None,kobieta 
11,"https://www.rossmann.pl/Produkt/Kremy-do-twarzy/Christian-Laurent-Bakuchiol-antygrawitacyjny-krem-lifting-aktywnie-modelujacy-na-dzien-i-na-noc-5,357731,9223","45,99 zł","28,99 zł",DOSTĘPNY ONLINE,Twarz/Pielęgnacja twarzy/Kremy do twarzy,None,None,kobieta 
12,"https://www.rossmann.pl/Produkt/Kremy-do-twarzy/Christian-Laurent-Bakuchiol-odmladzajacy-krem-lifting-poprawiajacy-gestosc-skory-na-dzien-i-na-noc,357732,9223","45,99 zł","28,99 zł",DOSTĘPNY ONLINE,Twarz/Pielęgnacja twarzy/Kremy do twarzy,None,None,kobieta 
13,"https://www.rossmann.pl/Produkt/Kremy-pod-oczy/AA-Technologia-Wieku-5-Repair-50-Aktywny-Lifting-rewitalizujacy-krem-rozswietlajacy-pod-oczy-15-m,381297,9224","21,99 zł","16,49 zł",DOSTĘPNY ONLINE,Twarz/Pielęgnacja twarzy/Kremy pod oczy,None,None,None
14,"https://www.rossmann.pl/Produkt/Kremy-do-twarzy/AA-Technologia-Wieku-5-Repair-50-Aktywny-Lifting-liftingujacy-krem-rozswietlajacy-na-dzien-50-ml,381310,9223","29,99 zł","21,99 zł",DOSTĘPNY ONLINE,Twarz/Pielęgnacja twarzy/Kremy do twarzy,None,None,kobieta 
15,"https://www.rossmann.pl/Produkt/Kremy-do-twarzy/AA-Technologia-Wieku-5-Repair-50-Aktywny-Lifting-regenerujacy-krem-rozswietlajacy-na-noc-50-ml,381311,9223","29,99 zł","21,99 zł",DOSTĘPNY ONLINE,Twarz/Pielęgnacja twarzy/Kremy do twarzy,None,None,kobieta 
16,"https://www.rossmann.pl/Produkt/Kremy-pod-oczy/LOreal-Paris-Ekspert-Wieku-przeciwzmarszczkowy-krem-pod-oczy-50-15-ml,342678,9224","29,99 zł","16,99 zł",DOSTĘPNY ONLINE,Twarz/Pielęgnacja twarzy/Kremy pod oczy,None,None,None
17,"https://www.rossmann.pl/Produkt/Kremy-do-twarzy/LOreal-Paris-Ekspert-Wieku-50-przeciwzmarszczkowy-krem-liftingujacy-50-50-ml,390616,9223","29,99 zł","16,99 zł",DOSTĘPNY ONLINE,Twarz/Pielęgnacja twarzy/Kremy do twarzy,None,None,kobieta 
18,"https://www.rossmann.pl/Produkt/Kremy-do-twarzy/LOreal-Paris-Ekspert-Wieku-50-przeciwzmarszczkowy-krem-ujedrniajacy-na-dzien-50-ml,223565,9223","29,99 zł","16,99 zł",DOSTĘPNY ONLINE,Twarz/Pielęgnacja twarzy/Kremy do twarzy,4.5,(6 Opinii),kobieta 
19,"https://www.rossmann.pl/Produkt/Kremy-do-twarzy/LOreal-Paris-Ekspert-Wieku-50-przeciwzmarszczkowy-krem-ujedrniajacy-na-noc-50-ml,223572,9223","29,99 zł","16,99 zł",DOSTĘPNY ONLINE,Twarz/Pielęgnacja twarzy/Kremy do twarzy,5.0,(6 Opinii),kobieta 
20,"https://www.rossmann.pl/Produkt/Kremy-do-twarzy/LOreal-Paris-Ekspert-Wieku-60-kompleksowy-krem-modelujacy-na-dzien-i-na-noc-twarz-szyja-dekolt,239014,9223","34,99 zł","26,99 zł",DOSTĘPNY ONLINE,Twarz/Pielęgnacja twarzy/Kremy do twarzy,5.0,(5 Opinii),kobieta 
21,"https://www.rossmann.pl/Produkt/Kremy-pod-oczy/LOreal-Paris-Ekspert-Wieku-przeciwzmarszczkowy-krem-odbudowujacy-pod-oczy-60-15-ml,342650,9224","29,99 zł","16,99 zł",DOSTĘPNY ONLINE,Twarz/Pielęgnacja twarzy/Kremy pod oczy,None,None,None
22,"https://www.rossmann.pl/Produkt/Kremy-do-twarzy/LOreal-Paris-Ekspert-Wieku-60-przeciwzmarszczkowy-krem-odbudowujacy-na-dzien-50-ml,223574,9223","29,99 zł","16,99 zł",DOSTĘPNY ONLINE,Twarz/Pielęgnacja twarzy/Kremy do twarzy,4.5,(6 Opinii),kobieta 
23,"https://www.rossmann.pl/Produkt/Kremy-do-twarzy/LOreal-Paris-Ekspert-Wieku-60-przeciwzmarszczkowy-krem-odbudowujacy-na-noc-50-ml,223575,9223","29,99 zł","16,99 zł",DOSTĘPNY ONLINE,Twarz/Pielęgnacja twarzy/Kremy do twarzy,4.5,(6 Opinii),kobieta 
24,"https://www.rossmann.pl/Produkt/Kremy-do-twarzy/LOreal-Paris-Ekspert-Wieku-70-przeciwzmarszczkowy-krem-odzywczy-na-dzien-50-ml,258637,9223","29,99 zł","16,99 zł",DOSTĘPNY ONLINE,Twarz/Pielęgnacja twarzy/Kremy do twarzy,None,None,kobieta 
25,"https://www.rossmann.pl/Produkt/Kremy-do-twarzy/LOreal-Paris-Ekspert-Wieku-70-przeciwzmarszczkowy-krem-odzywczy-na-noc-50-ml,258640,9223","29,99 zł","16,99 zł",DOSTĘPNY ONLINE,Twarz/Pielęgnacja twarzy/Kremy do twarzy,None,None,kobieta 
26,"https://www.rossmann.pl/Produkt/Kremy-pod-oczy/Eveline-Cosmetics-Royal-Snail-skoncentrowany-krem-pod-oczy-i-na-powieki-intensywnie-liftingujacy-,297443,9224","26,99 zł","16,99 zł",DOSTĘPNY ONLINE,Twarz/Pielęgnacja twarzy/Kremy pod oczy,None,None,None
27,"https://www.rossmann.pl/Produkt/Kremy-do-twarzy/Eveline-Cosmetics-Royal-Snail-skoncentrowany-krem-silnie-liftingujacy-na-dzien-i-na-noc-cera-dojr,297435,9223","29,99 zł","17,99 zł",DOSTĘPNY ONLINE,Twarz/Pielęgnacja twarzy/Kremy do twarzy,None,None,kobieta 
28,"https://www.rossmann.pl/Produkt/Kremy-do-twarzy/Eveline-Cosmetics-Royal-Snail-skoncentrowany-krem-ultranaprawczy-na-dzien-i-na-noc-cera-dojrzala-,297438,9223","29,99 zł","17,99 zł",DOSTĘPNY ONLINE,Twarz/Pielęgnacja twarzy/Kremy do twarzy,None,None,kobieta 
29,"https://www.rossmann.pl/Produkt/Kremy-do-twarzy/Eveline-Cosmetics-Royal-Snail-skoncentrowany-krem-aktywnie-regenerujacy-na-dzien-i-na-noc-cera-do,297439,9223","29,99 zł","17,99 zł",DOSTĘPNY ONLINE,Twarz/Pielęgnacja twarzy/Kremy do twarzy,None,None,kobieta 
30,"https://www.rossmann.pl/Produkt/Kremy-pod-oczy/AA-Technologia-Wieku-5-Repair-60-Zlota-Kuracja-krem-pod-oczy-napinajaco-odzywczy-15-ml,291430,9224","21,99 zł","16,49 zł",DOSTĘPNY ONLINE,Twarz/Pielęgnacja twarzy/Kremy pod oczy,None,None,None
31,"https://www.rossmann.pl/Produkt/Kremy-do-twarzy/AA-Technologia-Wieku-5-Repair-60-Zlota-Kuracja-ujedrniajacy-krem-wzmacniajacy-na-noc-skora-wrazli,291428,9223","29,99 zł","21,99 zł",DOSTĘPNY ONLINE,Twarz/Pielęgnacja twarzy/Kremy do twarzy,None,None,kobieta 
32,"https://www.rossmann.pl/Produkt/Kremy-do-twarzy/AA-Technologia-Wieku-5-Repair-60-Zlota-Kuracja-krem-przeciwzmarszczkowy-na-dzien-skora-wrazliwa-i,291422,9223","29,99 zł","21,99 zł",DOSTĘPNY ONLINE,Twarz/Pielęgnacja twarzy/Kremy do twarzy,None,None,kobieta 
33,"https://www.rossmann.pl/Produkt/Kremy-do-twarzy/AA-Technologia-Wieku-5-Repair-60-Zlota-Kuracja-regenerujacy-krem-odbudowujacy-na-noc-skora-wrazli,291425,9223","29,99 zł","21,99 zł",DOSTĘPNY ONLINE,Twarz/Pielęgnacja twarzy/Kremy do twarzy,None,None,kobieta 
34,"https://www.rossmann.pl/Produkt/Kremy-pod-oczy/AA-Technologia-Wieku-5-Repair-70-Intensywne-Odzywienie-krem-pod-oczy-nawilzajaco-odzywczy-15-ml,291438,9224","21,99 zł","16,49 zł",DOSTĘPNY ONLINE,Twarz/Pielęgnacja twarzy/Kremy pod oczy,None,None,None
35,"https://www.rossmann.pl/Produkt/Kremy-do-twarzy/AA-Technologia-Wieku-5-Repair-70-Intensywne-Odzywienie-krem-wzmacniajacy-na-noc-skora-wrazliwa-i-,291437,9223","29,99 zł","21,99 zł",DOSTĘPNY ONLINE,Twarz/Pielęgnacja twarzy/Kremy do twarzy,None,None,kobieta 
36,"https://www.rossmann.pl/Produkt/Kremy-do-twarzy/AA-Technologia-Wieku-5-Repair-70-Intensywne-Odzywienie-krem-intensywnie-regenerujacy-na-dzien-i-na,291434,9223","29,99 zł","21,99 zł",DOSTĘPNY ONLINE,Twarz/Pielęgnacja twarzy/Kremy do twarzy,None,None,kobieta 
37,"https://www.rossmann.pl/Produkt/Kremy-do-twarzy/Perfecta-Fenomen-C-nawilzajacy-krem-liftingujacy-na-dzien-i-na-noc-50-SPF-6-50-ml,248613,9223","29,99 zł","21,99 zł",DOSTĘPNY ONLINE,Twarz/Pielęgnacja twarzy/Kremy do twarzy,3.5,(5 Opinii),kobieta 
38,"https://www.rossmann.pl/Produkt/Kremy-do-twarzy/Perfecta-Fenomen-C-regenerujacy-krem-ujedrniajacy-na-dzien-i-na-noc-60-SPF-6-50-ml,248619,9223","29,99 zł","21,99 zł",DOSTĘPNY ONLINE,Twarz/Pielęgnacja twarzy/Kremy do twarzy,4.5,(5 Opinii),kobieta 
39,"https://www.rossmann.pl/Produkt/Kremy-do-twarzy/Perfecta-Fenomen-C-regenerujacy-krem-odbudowujacy-na-dzien-i-na-noc-70-SPF-6-50-ml,276349,9223","29,99 zł","21,99 zł",DOSTĘPNY ONLINE,Twarz/Pielęgnacja twarzy/Kremy do twarzy,None,None,kobieta 
40,"https://www.rossmann.pl/Produkt/Kremy-do-twarzy/Bielenda-Royal-Bee-Elixir-przeciwzmarszczkowy-krem-liftingujaco-ujedrniajacy-na-dzien-i-na-noc-50,372618,9223","27,49 zł","19,99 zł",DOSTĘPNY ONLINE,Twarz/Pielęgnacja twarzy/Kremy do twarzy,None,None,kobieta 
41,"https://www.rossmann.pl/Produkt/Kremy-do-twarzy/Bielenda-Royal-Bee-Elixir-przeciwzmarszczkowy-krem-koncentrat-aktywnie-regenerujacy-na-dzien-i-n,372617,9223","27,49 zł","19,99 zł",DOSTĘPNY ONLINE,Twarz/Pielęgnacja twarzy/Kremy do twarzy,None,None,kobieta 
42,"https://www.rossmann.pl/Produkt/Kremy-do-twarzy/Bielenda-Royal-Bee-Elixir-przeciwzmarszczkowy-krem-koncentrat-silnie-odbudowujacy-na-dzien-i-na-,372616,9223","27,49 zł","19,99 zł",DOSTĘPNY ONLINE,Twarz/Pielęgnacja twarzy/Kremy do twarzy,None,None,kobieta 
43,"https://www.rossmann.pl/Produkt/Kremy-do-twarzy/Lirene-Bursztynowa-Odbudowa-60-przeciwzmarszczkowy-krem-ujedrniajacy-na-dzien-i-na-noc-50-ml,164038,9223","19,99 zł","13,99 zł",DOSTĘPNY ONLINE,Twarz/Pielęgnacja twarzy/Kremy do twarzy,None,None,kobieta 
44,"https://www.rossmann.pl/Produkt/Kremy-do-twarzy/Lirene-Retinolowe-Odzywienie-70-przeciwzmarszczkowy-krem-naprawczy-na-dzien-i-na-noc-50-ml,173175,9223","19,99 zł","13,99 zł",DOSTĘPNY ONLINE,Twarz/Pielęgnacja twarzy/Kremy do twarzy,None,None,kobieta 
45,"https://www.rossmann.pl/Produkt/Kremy-pod-oczy/Dermika-Luxury-Caviar-krem-intensywnie-regenerujacy-pod-oczy-15-ml,381354,9224","53,99 zł","32,99 zł",DOSTĘPNY ONLINE,Twarz/Pielęgnacja twarzy/Kremy pod oczy,None,None,None
46,"https://www.rossmann.pl/Produkt/Kremy-do-twarzy/Dermika-Luxury-Caviar-krem-wypelniajacy-zmarszczki-na-dzien-i-na-noc-50-50-ml,381350,9223","79,99 zł","47,99 zł",DOSTĘPNY ONLINE,Twarz/Pielęgnacja twarzy/Kremy do twarzy,None,None,kobieta 
47,"https://www.rossmann.pl/Produkt/Kremy-do-twarzy/Dermika-Luxury-Caviar-krem-aktywnie-regenerujacy-na-dzien-i-na-noc-60-50-ml,381351,9223","79,99 zł","47,99 zł",DOSTĘPNY ONLINE,Twarz/Pielęgnacja twarzy/Kremy do twarzy,None,None,kobieta 
48,"https://www.rossmann.pl/Produkt/Kremy-do-twarzy/Dermika-Luxury-Caviar-krem-odbudowujacy-na-dzien-i-na-noc-70-50-ml,381352,9223","79,99 zł","47,99 zł",DOSTĘPNY ONLINE,Twarz/Pielęgnacja twarzy/Kremy do twarzy,None,None,kobieta 
49,"https://www.rossmann.pl/Produkt/Kremy-do-twarzy/Dermika-Luxury-Caviar-krem-przeciwzmarszczkowy-eliksir-na-noc-50-ml,381353,9223","79,99 zł","47,99 zł",DOSTĘPNY ONLINE,Twarz/Pielęgnacja twarzy/Kremy do twarzy,None,None,kobieta 
50,"https://www.rossmann.pl/Produkt/Serum/Nivea-Cellular-Luminous-intensywne-serum-przeciw-przebarwieniom-skory-30-ml,381361,9225","89,99 zł","66,99 zł",DOSTĘPNY ONLINE,Twarz/Pielęgnacja twarzy/Serum,None,None,None
51,"https://www.rossmann.pl/Produkt/Serum/Nivea-Cellular-Luminous-krem-redukujacy-cienie-pod-oczami-15-ml,394835,9225","69,99 zł","53,99 zł",DOSTĘPNY ONLINE,Twarz/Pielęgnacja twarzy/Serum,None,None,None
52,"https://www.rossmann.pl/Produkt/Kremy-do-twarzy/Nivea-Cellular-Luminous-krem-przeciw-przebarwieniom-na-dzien-SPF-50-40-ml,381360,9223","79,99 zł","59,99 zł",DOSTĘPNY ONLINE,Twarz/Pielęgnacja twarzy/Kremy do twarzy,None,None,kobieta 
53,"https://www.rossmann.pl/Produkt/Kremy-do-twarzy/Nivea-Cellular-Luminous-krem-fluid-na-dzien-tonujacy-przeciw-przebarwieniom-40-ml,394827,9223","79,99 zł","59,99 zł",DOSTĘPNY ONLINE,Twarz/Pielęgnacja twarzy/Kremy do twarzy,None,None,kobieta 
54,"https://www.rossmann.pl/Produkt/Kremy-do-twarzy/Nivea-Cellular-Luminous-krem-na-noc-przeciw-przebarwieniom-50-ml,394826,9223","79,99 zł","59,99 zł",DOSTĘPNY ONLINE,Twarz/Pielęgnacja twarzy/Kremy do twarzy,None,None,kobieta 
55,"https://www.rossmann.pl/Produkt/Kremy-do-twarzy/Nivea-Cellular-EXPERT-LIFT-zaawansowany-krem-przeciwzmarszczkowy-na-dzien-50-ml,395579,9223","62,99 zł","46,99 zł",DOSTĘPNY ONLINE,Twarz/Pielęgnacja twarzy/Kremy do twarzy,None,None,kobieta 
56,"https://www.rossmann.pl/Produkt/Kremy-do-twarzy/Nivea-Cellular-EXPERT-LIFT-zaawansowany-krem-na-noc-przeciwzmarszczkowy-50-ml,394832,9223","62,99 zł","46,99 zł",DOSTĘPNY ONLINE,Twarz/Pielęgnacja twarzy/Kremy do twarzy,None,None,kobieta 
57,"https://www.rossmann.pl/Produkt/Kremy-do-twarzy/Yoskine-BIO-Collagen-przeciwzmarszczkowy-biokrem-liftingujacy-na-dzien-50-50-ml,370025,9223","59,99 zł","43,99 zł",DOSTĘPNY ONLINE,Twarz/Pielęgnacja twarzy/Kremy do twarzy,None,None,kobieta 
58,"https://www.rossmann.pl/Produkt/Serum/Onlybio-Ritualia-Tranquilty-serum-do-twarzy-30-ml,368089,9225","53,99 zł","33,99 zł",DOSTĘPNY ONLINE,Twarz/Pielęgnacja twarzy/Serum,None,None,None
59,"https://www.rossmann.pl/Produkt/Serum/Onlybio-Ritualia-Tranquilty-serum-do-twarzy-30-ml,367468,9225","53,99 zł","33,99 zł",DOSTĘPNY ONLINE,Twarz/Pielęgnacja twarzy/Serum,None,None,None
60,"https://www.rossmann.pl/Produkt/Kremy-pod-oczy/Onlybio-Ritualia-Tranquilty-krem-pod-oczy-15-ml,367467,9224","48,99 zł","29,99 zł",DOSTĘPNY ONLINE,Twarz/Pielęgnacja twarzy/Kremy pod oczy,None,None,None
61,"https://www.rossmann.pl/Produkt/Kremy-do-twarzy/Onlybio-Ritualia-Tranquilty-krem-brzoskwiniowy-na-dzien-50-ml,368090,9223","53,99 zł","33,99 zł",DOSTĘPNY ONLINE,Twarz/Pielęgnacja twarzy/Kremy do twarzy,None,None,kobieta 
62,"https://www.rossmann.pl/Produkt/Kremy-do-twarzy/Onlybio-Ritualia-Tranquilty-krem-z-7-wyciagami-odmladzajacymi-na-noc-50-ml,368091,9223","53,99 zł","33,99 zł",DOSTĘPNY ONLINE,Twarz/Pielęgnacja twarzy/Kremy do twarzy,None,None,kobieta 
63,"https://www.rossmann.pl/Produkt/Serum/Nivea-Cellular-PROFESSIONAL-serum-do-twarzy-odpowiednie-dla-wszystkich-typow-skory-30-ml,394828,9225","59,99 zł","43,99 zł",DOSTĘPNY ONLINE,Twarz/Pielęgnacja twarzy/Serum,None,None,None
64,"https://www.rossmann.pl/Produkt/Serum/Nivea-Cellular-PROFESSIONAL-serum-do-twarzy-odpowiednie-dla-wszystkich-typow-skory-30-ml,394829,9225","59,99 zł","43,99 zł",DOSTĘPNY ONLINE,Twarz/Pielęgnacja twarzy/Serum,None,None,None
65,"https://www.rossmann.pl/Produkt/Kremy-pod-oczy/Nivea-Hyaluron-Cellular-Filler-przeciwzmarszczkowy-krem-pod-oczy-15-ml,178250,9224","59,99 zł","42,99 zł",DOSTĘPNY ONLINE,Twarz/Pielęgnacja twarzy/Kremy pod oczy,None,None,None
66,"https://www.rossmann.pl/Produkt/Kremy-do-twarzy/Nivea-Hyaluron-Cellular-Filler-krem-przeciwzmarszczkowy-na-dzien-SPF-15-50-ml,178242,9223","59,99 zł","42,99 zł",DOSTĘPNY ONLINE,Twarz/Pielęgnacja twarzy/Kremy do twarzy,None,None,kobieta 
67,"https://www.rossmann.pl/Produkt/Kremy-do-twarzy/Nivea-Hyaluron-Cellular-Filler-krem-przeciwzmarszczkowy-na-noc-50-ml,178246,9223","59,99 zł","42,99 zł",DOSTĘPNY ONLINE,Twarz/Pielęgnacja twarzy/Kremy do twarzy,None,None,kobieta 
68,"https://www.rossmann.pl/Produkt/Kremy-pod-oczy/Perfecta-Bio-Retinol-krem-przeciwzmarszczkowy-pod-oczy-50-60-15-ml,358089,9224","26,99 zł","19,99 zł",DOSTĘPNY ONLINE,Twarz/Pielęgnacja twarzy/Kremy pod oczy,None,None,None
69,"https://www.rossmann.pl/Produkt/Kremy-do-twarzy/Perfecta-Bio-Retinol-krem-przeciwzmarszczkowy-na-dzien-i-na-noc-50-50-ml,358087,9223","31,99 zł","23,49 zł",DOSTĘPNY ONLINE,Twarz/Pielęgnacja twarzy/Kremy do twarzy,None,None,kobieta 
70,"https://www.rossmann.pl/Produkt/Kremy-pod-oczy/Perfecta-Neo-Elixir-Mlodosci-rozswietlajacy-krem-pod-oczy-15-ml,369984,9224","26,99 zł","19,99 zł",DOSTĘPNY ONLINE,Twarz/Pielęgnacja twarzy/Kremy pod oczy,None,None,None
71,"https://www.rossmann.pl/Produkt/Kremy-do-twarzy/Perfecta-Neo-Elixir-Mlodosci-krem-przeciwzmarszczkowy-na-dzien-i-na-noc-50-50-ml,369987,9223","33,99 zł","24,99 zł",DOSTĘPNY ONLINE,Twarz/Pielęgnacja twarzy/Kremy do twarzy,None,None,kobieta 
72,"https://www.rossmann.pl/Produkt/Kremy-do-twarzy/Perfecta-Neo-Elixir-Mlodosci-krem-przeciwzmarszczkowy-na-dzien-i-na-noc-60-50-ml,369989,9223","33,99 zł","24,99 zł",DOSTĘPNY ONLINE,Twarz/Pielęgnacja twarzy/Kremy do twarzy,None,None,kobieta 
73,"https://www.rossmann.pl/Produkt/Kremy-do-twarzy/Perfecta-Neo-Elixir-Mlodosci-krem-przeciwzmarszczkowy-na-dzien-i-na-noc-70-50-ml,369990,9223","33,99 zł","24,99 zł",DOSTĘPNY ONLINE,Twarz/Pielęgnacja twarzy/Kremy do twarzy,None,None,kobieta 
74,"https://www.rossmann.pl/Produkt/Kremy-do-twarzy/Christian-Laurent-Bakuchiol-przeciwzmarszczkowy-krem-lifting-silnie-ujedrniajacy-na-dzien-i-na-noc,357730,9223","45,99 zł","28,99 zł",DOSTĘPNY ONLINE,Twarz/Pielęgnacja twarzy/Kremy do twarzy,None,None,kobieta 
75,"https://www.rossmann.pl/Produkt/Kremy-do-twarzy/Im-NATURIKKE-krem-na-dzien-50-ml,381452,9223","29,99 zł","21,49 zł",DOSTĘPNY ONLINE,Twarz/Pielęgnacja twarzy/Kremy do twarzy,None,None,kobieta 
76,"https://www.rossmann.pl/Produkt/Kremy-do-twarzy/Im-NATURIKKE-krem-na-noc-50-ml,381453,9223","29,99 zł","21,49 zł",DOSTĘPNY ONLINE,Twarz/Pielęgnacja twarzy/Kremy do twarzy,None,None,kobieta 
77,"https://www.rossmann.pl/Produkt/Kremy-pod-oczy/Im-NATURIKKE-kojacy-krem-pod-oczy-15-ml,381395,9224","24,99 zł","17,99 zł",DOSTĘPNY ONLINE,Twarz/Pielęgnacja twarzy/Kremy pod oczy,None,None,None
78,"https://www.rossmann.pl/Produkt/Kremy-do-twarzy/Im-NATURIKKE-krem-na-dzien-bakuchiol-skwalan-50-ml,381397,9223","29,99 zł","21,49 zł",DOSTĘPNY ONLINE,Twarz/Pielęgnacja twarzy/Kremy do twarzy,None,None,kobieta 
79,"https://www.rossmann.pl/Produkt/Kremy-do-twarzy/Im-NATURIKKE-krem-na-noc-bakuchiol-skwalan-50-ml,381396,9223","29,99 zł","21,49 zł",DOSTĘPNY ONLINE,Twarz/Pielęgnacja twarzy/Kremy do twarzy,None,None,kobieta 
80,"https://www.rossmann.pl/Produkt/Kremy-pod-oczy/Eveline-Cosmetics-bioManuka-Lift-odzywczo-wygladzajacy-krem-kuracja-pod-oczy-i-na-powieki-50-70-,319027,9224","22,99 zł","14,99 zł",DOSTĘPNY ONLINE,Twarz/Pielęgnacja twarzy/Kremy pod oczy,None,None,None
81,"https://www.rossmann.pl/Produkt/Kremy-do-twarzy/Eveline-Cosmetics-bioManuka-Lift-ujedrniajacy-krem-kuracja-redukujacy-zmarszczki-na-dzien-i-na-noc,319016,9223","25,99 zł","15,99 zł",DOSTĘPNY ONLINE,Twarz/Pielęgnacja twarzy/Kremy do twarzy,None,None,kobieta 
82,"https://www.rossmann.pl/Produkt/Kremy-do-twarzy/Eveline-Cosmetics-bioManuka-Lift-liftingujacy-krem-kuracja-modelujacy-owal-twarzy-na-dzien-i-na-no,319019,9223","25,99 zł","15,99 zł",DOSTĘPNY ONLINE,Twarz/Pielęgnacja twarzy/Kremy do twarzy,None,None,kobieta 
83,"https://www.rossmann.pl/Produkt/Kremy-do-twarzy/Eveline-Cosmetics-bioManuka-Lift-odbudowujacy-krem-kuracja-przywracajacy-gestosc-skory-na-dzien-i-n,319026,9223","25,99 zł","15,99 zł",DOSTĘPNY ONLINE,Twarz/Pielęgnacja twarzy/Kremy do twarzy,None,None,kobieta 
84,"https://www.rossmann.pl/Produkt/Kremy-do-twarzy/Bielenda-Zlote-Ceramidy-przeciwzmarszczkowy-krem-liftingujaco-regenerujacy-na-dzien-i-na-noc-50-,378765,9223","27,49 zł","19,99 zł",DOSTĘPNY ONLINE,Twarz/Pielęgnacja twarzy/Kremy do twarzy,None,None,kobieta 
85,"https://www.rossmann.pl/Produkt/Kremy-do-twarzy/Bielenda-Zlote-Ceramidy-przeciwzmarszczkowy-krem-gleboko-odbudowujacy-na-dzien-i-na-noc-60-50-ml,378766,9223","27,49 zł","19,99 zł",DOSTĘPNY ONLINE,Twarz/Pielęgnacja twarzy/Kremy do twarzy,None,None,kobieta 
86,"https://www.rossmann.pl/Produkt/Kremy-do-twarzy/Bielenda-Zlote-Ceramidy-przeciwzmarszczkowy-krem-ultra-naprawczy-na-dzien-i-na-noc-70-50-ml,378767,9223","27,49 zł","19,99 zł",DOSTĘPNY ONLINE,Twarz/Pielęgnacja twarzy/Kremy do twarzy,None,None,kobieta 
87,"https://www.rossmann.pl/Produkt/Serum/Tolpa-pre-age-nawilzajace-serum-rozswietlajace-do-twarzy-20-ml,395576,9225","34,99 zł","22,99 zł",DOSTĘPNY ONLINE,Twarz/Pielęgnacja twarzy/Serum,None,None,None
88,"https://www.rossmann.pl/Produkt/Kremy-do-twarzy/Tolpa-pre-age-krem-na-dzien-nawilzajaco-wygladzajacy-50-ml,395577,9223","34,99 zł","22,99 zł",DOSTĘPNY ONLINE,Twarz/Pielęgnacja twarzy/Kremy do twarzy,None,None,kobieta 
89,"https://www.rossmann.pl/Produkt/Kremy-do-twarzy/Tolpa-pre-age-krem-na-noc-regenerujaco-wygladzajacy-50-ml,395578,9223","34,99 zł","22,99 zł",DOSTĘPNY ONLINE,Twarz/Pielęgnacja twarzy/Kremy do twarzy,None,None,kobieta 
90,"https://www.rossmann.pl/Produkt/Kremy-pod-oczy/LOreal-Paris-Hyaluron-Specialist-krem-pod-oczy-wypelniajaca-kuracja-nawilzajaca-15-ml,325591,9224","31,99 zł","23,99 zł",DOSTĘPNY ONLINE,Twarz/Pielęgnacja twarzy/Kremy pod oczy,None,None,None
91,"https://www.rossmann.pl/Produkt/Zele-i-pianki-do-twarzy/LOreal-Paris-Hyaluron-Specialist-skoncentrowany-zel-nawilzajacy-z-kwasem-hialuronowym-50-ml,379183,8690","35,99 zł","25,49 zł",DOSTĘPNY ONLINE,Twarz/Oczyszczanie i demakijaż/Żele i pianki do twarzy,None,None,None
92,"https://www.rossmann.pl/Produkt/Kremy-do-twarzy/LOreal-Paris-Hyaluron-Specialist-wypelniajacy-krem-nawilzajacy-na-dzien-50-ml,325593,9223","31,99 zł","23,99 zł",DOSTĘPNY ONLINE,Twarz/Pielęgnacja twarzy/Kremy do twarzy,None,None,kobieta 
93,"https://www.rossmann.pl/Produkt/Maseczki/LOreal-Paris-Hyaluron-Specialist-krem-maska-na-noc-wypelniajaca-i-nawilzajaca-50-ml,325592,9226","31,99 zł","23,99 zł",DOSTĘPNY ONLINE,Twarz/Pielęgnacja twarzy/Maseczki,None,None,None
94,"https://www.rossmann.pl/Produkt/Serum/Lirene-Acid-Power-serum-wygladzajace-do-twarzy-kazdy-rodzaj-cery-30-ml,378805,9225","26,99 zł","19,99 zł",DOSTĘPNY ONLINE,Twarz/Pielęgnacja twarzy/Serum,None,None,None
95,"https://www.rossmann.pl/Produkt/Serum/ME-serum-do-twarzy-z-kwasem-traneksamowym-2-5-30-ml,370199,9225","31,99 zł","22,49 zł",DOSTĘPNY ONLINE,Twarz/Pielęgnacja twarzy/Serum,None,None,None
96,"https://www.rossmann.pl/Produkt/Kremy-do-twarzy/Lirene-Acid-Power-wypelniajacy-krem-przeciwzmarszczkowy-na-dzien-i-na-noc-kazdy-rodzaj-cery-50-ml,378794,9223","26,99 zł","19,99 zł",DOSTĘPNY ONLINE,Twarz/Pielęgnacja twarzy/Kremy do twarzy,None,None,kobieta 
97,"https://www.rossmann.pl/Produkt/Serum/ME-serum-do-twarzy-SPF-30-30-ml,370204,9225","31,99 zł","22,49 zł",DOSTĘPNY ONLINE,Twarz/Pielęgnacja twarzy/Serum,None,None,None
98,"https://www.rossmann.pl/Produkt/Serum/Lirene-Acid-Power-serum-nawilzajace-z-kwasem-hialuronowym-cera-sucha-i-naczynkowa-hydrolatem-z-bla,378800,9225","26,99 zł","19,99 zł",DOSTĘPNY ONLINE,Twarz/Pielęgnacja twarzy/Serum,None,None,None
99,"https://www.rossmann.pl/Produkt/Serum/ME-serum-do-twarzy-z-kwasem-poliglutaminowym-1-30-ml,370201,9225","31,99 zł","22,49 zł",DOSTĘPNY ONLINE,Twarz/Pielęgnacja twarzy/Serum,None,None,None
100,"https://www.rossmann.pl/Produkt/Kremy-do-twarzy/Lirene-Acid-Power-nawilzajacy-krem-wygladzajacy-na-dzien-i-na-noc-cera-sucha-i-naczynkowa-z-hydr,378793,9223","26,99 zł","19,99 zł",DOSTĘPNY ONLINE,Twarz/Pielęgnacja twarzy/Kremy do twarzy,None,None,kobieta 
101,"https://www.rossmann.pl/Produkt/Serum/ME-serum-do-twarzy-z-kwasem-hialuronowym-2-30-ml,370191,9225","27,99 zł","19,99 zł",DOSTĘPNY ONLINE,Twarz/Pielęgnacja twarzy/Serum,None,None,None
102,"https://www.rossmann.pl/Produkt/Serum/Lirene-Acid-Power-serum-zluszczajace-z-hydrolatem-grejpfrutowym-ceraz-przebarwieniami-i-tradzikowa-,381435,9225","26,99 zł","19,99 zł",DOSTĘPNY ONLINE,Twarz/Pielęgnacja twarzy/Serum,None,None,None
103,"https://www.rossmann.pl/Produkt/Serum/ME-serum-do-twarzy-niacynamid-10-i-cynk-1-5-30-ml,370197,9225","27,99 zł","19,99 zł",DOSTĘPNY ONLINE,Twarz/Pielęgnacja twarzy/Serum,None,None,None
104,"https://www.rossmann.pl/Produkt/Kremy-do-twarzy/Lirene-Acid-Power-rewitalizujacy-krem-wyrownujacy-koloryt-na-dzien-i-na-noc-cera-z-przebarwieniami,381434,9223","26,99 zł","19,99 zł",DOSTĘPNY ONLINE,Twarz/Pielęgnacja twarzy/Kremy do twarzy,None,None,kobieta 
105,"https://www.rossmann.pl/Produkt/Serum/Isana-Vitamin-Booster-ampulki-z-retinolem-witamina-C-i-witamina-E-7x2-ml,317776,9225","31,99 zł","22,49 zł",DOSTĘPNY ONLINE,Twarz/Pielęgnacja twarzy/Serum,None,None,None
106,"https://www.rossmann.pl/Produkt/Serum/Isana-ampulki-z-prowitamina-B5-7x2-ml,377724,9225","23,99 zł","16,99 zł",DOSTĘPNY ONLINE,Twarz/Pielęgnacja twarzy/Serum,None,None,None
107,"https://www.rossmann.pl/Produkt/Serum/Isana-Hyaluron-Booster-ampulki-koncentrat-nawilzajacy-7x2-ml,180073,9225","23,99 zł","16,99 zł",DOSTĘPNY ONLINE,Twarz/Pielęgnacja twarzy/Serum,None,None,None
108,"https://www.rossmann.pl/Produkt/Serum/Isana-Q10-ampulki-koncentrat-przeciwzmarszczkowy-72-ml,188189,9225","23,99 zł","16,99 zł",DOSTĘPNY ONLINE,Twarz/Pielęgnacja twarzy/Serum,None,None,None
109,"https://www.rossmann.pl/Produkt/Serum/Isana-Q10-przeciwzmarszczkowe-kapsulki-pielegnacyjne-z-kompleksem-anti-age-7-szt,194846,9225","9,49 zł","6,69 zł",DOSTĘPNY ONLINE,Twarz/Pielęgnacja twarzy/Serum,None,None,None
110,"https://www.rossmann.pl/Produkt/Serum/Isana-Night-Beauty-kapsulki-z-retinolem-do-twarzy-1-szt,393647,9225","9,49 zł","6,69 zł",DOSTĘPNY ONLINE,Twarz/Pielęgnacja twarzy/Serum,None,None,None
111,"https://www.rossmann.pl/Produkt/Serum/Alterra-booster-hialuronowy-15-ml,340617,9225","18,99 zł","13,49 zł",DOSTĘPNY ONLINE,Twarz/Pielęgnacja twarzy/Serum,None,None,None
112,"https://www.rossmann.pl/Produkt/Serum/Alterra-serum-z-witaminami-triple-vitamin-booster-15-ml,340618,9225","18,99 zł","13,49 zł",DOSTĘPNY ONLINE,Twarz/Pielęgnacja twarzy/Serum,None,None,None
113,"https://www.rossmann.pl/Produkt/Kremy-do-twarzy/LOreal-Paris-Ekspert-Wieku-40-przeciwzmarszczkowy-krem-wygladzajacy-na-dzien-50-ml,223563,9223","29,99 zł","16,99 zł",DOSTĘPNY ONLINE,Twarz/Pielęgnacja twarzy/Kremy do twarzy,5.0,(6 Opinii),kobieta 
114,"https://www.rossmann.pl/Produkt/Kremy-do-twarzy/LOreal-Paris-Ekspert-Wieku-40-przeciwzmarszczkowy-krem-wygladzajacy-na-noc-50-ml,223564,9223","29,99 zł","16,99 zł",DOSTĘPNY ONLINE,Twarz/Pielęgnacja twarzy/Kremy do twarzy,5.0,(6 Opinii),kobieta 
115,"https://www.rossmann.pl/Produkt/Kremy-do-twarzy/beBIO-Ewa-Chodakowska-naturalny-krem-do-twarzy-50-odzywczy-na-dzien-i-na-noc-50-ml,382364,9223","25,49 zł","18,99 zł",DOSTĘPNY ONLINE,Twarz/Pielęgnacja twarzy/Kremy do twarzy,None,None,kobieta 
116,"https://www.rossmann.pl/Produkt/Serum/Bielenda-Royal-Bee-Elixir-przeciwzmarszczkowe-serum-aktywnie-rewitalizujace-na-dzien-i-na-noc-30-m,372615,9225","29,99 zł","21,49 zł",DOSTĘPNY ONLINE,Twarz/Pielęgnacja twarzy/Serum,None,None,None
117,"https://www.rossmann.pl/Produkt/Kremy-do-twarzy/beBIO-Ewa-Chodakowska-naturalny-krem-do-twarzy-50-wygladzajacy-na-dzien-50-ml,382367,9223","25,49 zł","18,99 zł",DOSTĘPNY ONLINE,Twarz/Pielęgnacja twarzy/Kremy do twarzy,None,None,kobieta 
118,"https://www.rossmann.pl/Produkt/Kremy-pod-oczy/Bielenda-Royal-Bee-Elixir-silnie-ujedrniajacy-krem-przeciwzmarszczkowy-pod-oczy-15-ml,372614,9224","20,99 zł","14,99 zł",DOSTĘPNY ONLINE,Twarz/Pielęgnacja twarzy/Kremy pod oczy,None,None,None
119,"https://www.rossmann.pl/Produkt/Kremy-do-twarzy/beBIO-Ewa-Chodakowska-naturalny-krem-do-twarzy-50-ujedrniajacy-na-noc-50-ml,382368,9223","25,49 zł","18,99 zł",DOSTĘPNY ONLINE,Twarz/Pielęgnacja twarzy/Kremy do twarzy,None,None,kobieta 
120,"https://www.rossmann.pl/Produkt/Kremy-do-twarzy/Bielenda-Royal-Bee-Elixir-przeciwzmarszczkowy-krem-silnie-nawilzajacy-na-dzien-i-na-noc-40-50-ml,372604,9223","27,49 zł","19,99 zł",DOSTĘPNY ONLINE,Twarz/Pielęgnacja twarzy/Kremy do twarzy,None,None,kobieta 
121,"https://www.rossmann.pl/Produkt/Serum/Ava-Laboratorium-Stymulator-Odnowy-Skory-serum-do-twarzy-z-eliksirem-mlodosci-30-ml,379369,9225","25,49 zł","18,99 zł",DOSTĘPNY ONLINE,Twarz/Pielęgnacja twarzy/Serum,None,None,None
122,"https://www.rossmann.pl/Produkt/Serum/Ava-Laboratorium-Stymulator-Odnowy-Skory-koncentrat-wypelniajacy-zmarszczki-50-30-ml,379373,9225","25,49 zł","18,99 zł",DOSTĘPNY ONLINE,Twarz/Pielęgnacja twarzy/Serum,None,None,None
123,"https://www.rossmann.pl/Produkt/Kremy-pod-oczy/Ava-Laboratorium-Stymulator-Odnowy-Skory-krem-pod-oczy-korygujacy-zmarszczki-15-ml,379366,9224","25,49 zł","18,99 zł",DOSTĘPNY ONLINE,Twarz/Pielęgnacja twarzy/Kremy pod oczy,None,None,None
124,"https://www.rossmann.pl/Produkt/Kremy-do-twarzy/Ava-Laboratorium-Stymulator-Odnowy-Skory-krem-do-twarzy-na-dzien-i-na-noc-efekt-liftingu-i-wygladz,379363,9223","25,49 zł","18,99 zł",DOSTĘPNY ONLINE,Twarz/Pielęgnacja twarzy/Kremy do twarzy,None,None,kobieta 
125,"https://www.rossmann.pl/Produkt/Kremy-pod-oczy/Eveline-Cosmetics-Royal-Snail-skoncentrowany-krem-rozswietlajacy-pod-oczy-i-na-powieki-na-dzien-i-,297440,9224","25,99 zł","15,99 zł",DOSTĘPNY ONLINE,Twarz/Pielęgnacja twarzy/Kremy pod oczy,None,None,None
126,"https://www.rossmann.pl/Produkt/Kremy-do-twarzy/Ava-Laboratorium-Stymulator-Odnowy-Skory-krem-do-twarzy-na-dzien-i-na-noc-efekt-redukcji-zmarszcze,379364,9223","25,49 zł","18,99 zł",DOSTĘPNY ONLINE,Twarz/Pielęgnacja twarzy/Kremy do twarzy,None,None,kobieta 
127,"https://www.rossmann.pl/Produkt/Kremy-do-twarzy/Eveline-Cosmetics-Royal-Snail-skoncentrowany-krem-aktywnie-wygladzajacy-na-dzien-i-na-noc-kazdy-r,297432,9223","25,99 zł","15,99 zł",DOSTĘPNY ONLINE,Twarz/Pielęgnacja twarzy/Kremy do twarzy,None,None,kobieta 
128,"https://www.rossmann.pl/Produkt/Kremy-do-twarzy/Ava-Laboratorium-Stymulator-Odnowy-Skory-krem-do-twarzy-na-dzien-i-na-noc-efekt-intensywnej-regene,379365,9223","25,49 zł","18,99 zł",DOSTĘPNY ONLINE,Twarz/Pielęgnacja twarzy/Kremy do twarzy,None,None,kobieta 
129,"https://www.rossmann.pl/Produkt/Kremy-do-twarzy/Eveline-Cosmetics-Royal-Snail-skoncentrowany-krem-przeciwzmarszczkowy-na-dzien-i-na-noc-kazdy-rod,297433,9223","25,99 zł","15,99 zł",DOSTĘPNY ONLINE,Twarz/Pielęgnacja twarzy/Kremy do twarzy,4.5,(32 Opinie),kobieta 
130,"https://www.rossmann.pl/Produkt/Kremy-pod-oczy/Efektima-Tremella-przeciwzmarszczkowy-krem-pod-oczy-na-dzien-i-noc-50-15-ml,378889,9224","25,49 zł","18,99 zł",DOSTĘPNY ONLINE,Twarz/Pielęgnacja twarzy/Kremy pod oczy,None,None,None
131,"https://www.rossmann.pl/Produkt/Kremy-do-twarzy/Efektima-Tremella-krem-na-dzien-i-na-noc-nawilzenie-i-odzywienie-50-50-ml,378880,9223","25,49 zł","18,99 zł",DOSTĘPNY ONLINE,Twarz/Pielęgnacja twarzy/Kremy do twarzy,None,None,kobieta 
132,"https://www.rossmann.pl/Produkt/Kremy-do-twarzy/Efektima-Tremella-krem-na-dzien-i-noc-wygladzenie-i-regeneracja-50-50-ml,378882,9223","25,49 zł","18,99 zł",DOSTĘPNY ONLINE,Twarz/Pielęgnacja twarzy/Kremy do twarzy,None,None,kobieta 
133,"https://www.rossmann.pl/Produkt/Kremy-do-twarzy/Efektima-Tremella-przeciwzmarszczkowy-krem-na-dzien-i-na-noc-50-50-ml,378884,9223","25,49 zł","18,99 zł",DOSTĘPNY ONLINE,Twarz/Pielęgnacja twarzy/Kremy do twarzy,None,None,kobieta 
134,"https://www.rossmann.pl/Produkt/Serum/Neutrogena-Bright-Boost-rozswietlajace-serum-30-ml,370546,9225","62,99 zł","46,99 zł",DOSTĘPNY ONLINE,Twarz/Pielęgnacja twarzy/Serum,None,None,None
135,"https://www.rossmann.pl/Produkt/Kremy-do-twarzy/Neutrogena-Bright-Boost-ochronny-zel-SPF-30-50-ml,370547,9223","62,99 zł","46,99 zł",DOSTĘPNY ONLINE,Twarz/Pielęgnacja twarzy/Kremy do twarzy,None,None,kobieta 
136,"https://www.rossmann.pl/Produkt/Kremy-do-twarzy/Neutrogena-Bright-Boost-zel-krem-rozswietlajacy-50-ml,370548,9223","62,99 zł","46,99 zł",DOSTĘPNY ONLINE,Twarz/Pielęgnacja twarzy/Kremy do twarzy,None,None,kobieta 
137,"https://www.rossmann.pl/Produkt/Serum/Neutrogena-Hydro-Boost-nawadniajacy-booster-serum-do-twarzy-30-ml,284458,9225","56,99 zł","42,99 zł",DOSTĘPNY ONLINE,Twarz/Pielęgnacja twarzy/Serum,5.0,(33 Opinie),None
138,"https://www.rossmann.pl/Produkt/Kremy-pod-oczy/Neutrogena-Hydro-Boost-zel-krem-pod-oczy-przeciw-oznakom-zmeczenia-15-ml,284460,9224","44,99 zł","33,99 zł",DOSTĘPNY ONLINE,Twarz/Pielęgnacja twarzy/Kremy pod oczy,None,None,None
139,"https://www.rossmann.pl/Produkt/Kremy-do-twarzy/Neutrogena-Hydro-Boost-nawadniajacy-zel-cera-normalna-i-mieszana-50-ml,284446,9223","56,99 zł","42,99 zł",DOSTĘPNY ONLINE,Twarz/Pielęgnacja twarzy/Kremy do twarzy,None,None,kobieta 
140,"https://www.rossmann.pl/Produkt/Kremy-do-twarzy/Neutrogena-Hydro-Boost-nawadniajacy-krem-maska-na-noc-50-ml,284454,9223","56,99 zł","42,99 zł",DOSTĘPNY ONLINE,Twarz/Pielęgnacja twarzy/Kremy do twarzy,None,None,kobieta 
141,"https://www.rossmann.pl/Produkt/Serum/Numee-intensywnie-nawilzajace-serum-30-ml,393358,9225","29,99 zł","17,99 zł",DOSTĘPNY ONLINE,Twarz/Pielęgnacja twarzy/Serum,None,None,None
142,"https://www.rossmann.pl/Produkt/Serum/Numee-multi-benefit-serum-30-ml,393359,9225","29,99 zł","17,99 zł",DOSTĘPNY ONLINE,Twarz/Pielęgnacja twarzy/Serum,None,None,None
143,"https://www.rossmann.pl/Produkt/Serum/Numee-serum-zluszczajace-do-twarzy-30-ml,393360,9225","29,99 zł","17,99 zł",DOSTĘPNY ONLINE,Twarz/Pielęgnacja twarzy/Serum,None,None,None
144,"https://www.rossmann.pl/Produkt/Kremy-pod-oczy/Numee-krem-pod-oczy-15-ml,393361,9224","34,99 zł","25,99 zł",DOSTĘPNY ONLINE,Twarz/Pielęgnacja twarzy/Kremy pod oczy,None,None,None
145,"https://www.rossmann.pl/Produkt/Serum/Numee-oczyszczajacy-peeling-30-ml,393362,9225","39,99 zł","29,99 zł",DOSTĘPNY ONLINE,Twarz/Pielęgnacja twarzy/Serum,None,None,None
146,"https://www.rossmann.pl/Produkt/Kremy-do-twarzy/Numee-emulsja-do-twarzy-75-ml,393363,9223","36,99 zł","27,99 zł",DOSTĘPNY ONLINE,Twarz/Pielęgnacja twarzy/Kremy do twarzy,None,None,kobieta 
147,"https://www.rossmann.pl/Produkt/Serum/Numee-serum-rozjasniajace-30-ml,393364,9225","39,99 zł","29,99 zł",DOSTĘPNY ONLINE,Twarz/Pielęgnacja twarzy/Serum,None,None,None
148,"https://www.rossmann.pl/Produkt/Kremy-do-twarzy/Numee-Pause-krem-wyrownujacy-koloryt-50-ml,393366,9223","49,99 zł","36,99 zł",DOSTĘPNY ONLINE,Twarz/Pielęgnacja twarzy/Kremy do twarzy,None,None,kobieta 
149,"https://www.rossmann.pl/Produkt/Kremy-pod-oczy/Soraya-Plante-krem-pod-oczy-naturalnie-wygladzajacy-Chlorella-Olej-Jojoba-Cedr-Japonski-15-ml,317784,9224","21,99 zł","16,49 zł",DOSTĘPNY ONLINE,Twarz/Pielęgnacja twarzy/Kremy pod oczy,None,None,None
150,"https://www.rossmann.pl/Produkt/Kremy-do-twarzy/Soraya-Plante-krem-naturalnie-nawilzajacy-na-dzien-olej-makadamia-alga-wakame-cedr-50-ml,317782,9223","28,99 zł","21,99 zł",DOSTĘPNY ONLINE,Twarz/Pielęgnacja twarzy/Kremy do twarzy,4.5,(57 Opinii),kobieta 
151,"https://www.rossmann.pl/Produkt/Kremy-do-twarzy/Soraya-Plante-krem-naturalnie-nawilzajacy-na-dzien-biala-herbata-aloes-olej-makadamia-50-ml,317785,9223","28,99 zł","21,99 zł",DOSTĘPNY ONLINE,Twarz/Pielęgnacja twarzy/Kremy do twarzy,None,None,kobieta 
152,"https://www.rossmann.pl/Produkt/Kremy-do-twarzy/Soraya-Plante-krem-naturalnie-nawilzajacy-na-noc-tara-biala-herbata-aloes-50-ml,317786,9223","28,99 zł","21,99 zł",DOSTĘPNY ONLINE,Twarz/Pielęgnacja twarzy/Kremy do twarzy,None,None,kobieta 
153,"https://www.rossmann.pl/Produkt/Kremy-do-twarzy/Soraya-Kombucha-krem-nawilzajacy-na-dzien-cera-normalna-i-sucha-50-ml,366331,9223","26,99 zł","19,99 zł",DOSTĘPNY ONLINE,Twarz/Pielęgnacja twarzy/Kremy do twarzy,None,None,kobieta 
154,"https://www.rossmann.pl/Produkt/Kremy-do-twarzy/Soraya-Kombucha-krem-matujacy-na-dzien-cera-tlusta-i-mieszana-75-ml,366330,9223","26,99 zł","19,99 zł",DOSTĘPNY ONLINE,Twarz/Pielęgnacja twarzy/Kremy do twarzy,None,None,kobieta 
155,"https://www.rossmann.pl/Produkt/Kremy-do-twarzy/Soraya-Kombucha-krem-wygladzajacy-na-noc-kazdy-typ-skory-75-ml,366329,9223","26,99 zł","19,99 zł",DOSTĘPNY ONLINE,Twarz/Pielęgnacja twarzy/Kremy do twarzy,None,None,kobieta 
156,"https://www.rossmann.pl/Produkt/Kremy-pod-oczy/Alterra-krem-pod-oczy-15-ml,366860,9224","14,49 zł","10,79 zł",DOSTĘPNY ONLINE,Twarz/Pielęgnacja twarzy/Kremy pod oczy,None,None,None
157,"https://www.rossmann.pl/Produkt/Kremy-do-twarzy/Alterra-krem-na-dzien-skora-wrazliwa-50-ml,366550,9223","13,49 zł","9,99 zł",DOSTĘPNY ONLINE,Twarz/Pielęgnacja twarzy/Kremy do twarzy,None,None,kobieta 
158,"https://www.rossmann.pl/Produkt/Kremy-pod-oczy/Alterra-aloesowe-serum-pod-oczy-15-ml,366539,9224","14,49 zł","10,79 zł",DOSTĘPNY ONLINE,Twarz/Pielęgnacja twarzy/Kremy pod oczy,None,None,None
159,"https://www.rossmann.pl/Produkt/Kremy-do-twarzy/Alterra-krem-na-dzien-skora-sucha-i-wrazliwa-aloes-50-ml,366542,9223","13,49 zł","9,99 zł",DOSTĘPNY ONLINE,Twarz/Pielęgnacja twarzy/Kremy do twarzy,None,None,kobieta 
160,"https://www.rossmann.pl/Produkt/Kremy-do-twarzy/Alterra-krem-na-noc-skora-sucha-i-wrazliwa-aloes-50-ml,366543,9223","13,49 zł","9,99 zł",DOSTĘPNY ONLINE,Twarz/Pielęgnacja twarzy/Kremy do twarzy,None,None,kobieta 
161,"https://www.rossmann.pl/Produkt/Serum/Soraya-I-love-serum-serum-rozjasniajace-do-cery-zmeczonej-pozbawionej-blasku-30-ml,390298,9225","17,99 zł","11,99 zł",DOSTĘPNY ONLINE,Twarz/Pielęgnacja twarzy/Serum,None,None,None
162,"https://www.rossmann.pl/Produkt/Serum/Soraya-I-love-serum-serum-nawilzajace-do-cery-suchej-i-odwodnionej-30-ml,390296,9225","17,99 zł","11,99 zł",DOSTĘPNY ONLINE,Twarz/Pielęgnacja twarzy/Serum,None,None,None
163,"https://www.rossmann.pl/Produkt/Serum/Soraya-I-love-serum-serum-normalizujace-do-cery-tlustej-i-mieszanej-30-ml,390297,9225","17,99 zł","11,99 zł",DOSTĘPNY ONLINE,Twarz/Pielęgnacja twarzy/Serum,None,None,None
164,"https://www.rossmann.pl/Produkt/Serum/Soraya-I-love-serum-serum-regenerujace-do-cery-suchej-i-wrazliwej-30-ml,390501,9225","17,99 zł","11,99 zł",DOSTĘPNY ONLINE,Twarz/Pielęgnacja twarzy/Serum,None,None,None
165,"https://www.rossmann.pl/Produkt/Plyny-micelarne/Mixa-Przeciw-Niedoskonalosciom-plyn-micelarny-400-ml,218924,8770","28,99 zł","19,99 zł",DOSTĘPNY ONLINE,Twarz/Oczyszczanie i demakijaż/Płyny micelarne,None,None,None
166,"https://www.rossmann.pl/Produkt/Zele-i-pianki-do-twarzy/Mixa-Przeciw-Niedoskonalosciom-zel-delikatnie-oczyszczajacy-skora-wrazliwa-z-tendencja-do-niedosko,218926,8690","23,49 zł","16,49 zł",DOSTĘPNY ONLINE,Twarz/Oczyszczanie i demakijaż/Żele i pianki do twarzy,None,None,None
167,"https://www.rossmann.pl/Produkt/Toniki-do-twarzy/Mixa-Przeciw-Niedoskonalosciom-tonik-do-twarzy-200ml,218925,8692","23,49 zł","16,49 zł",DOSTĘPNY ONLINE,Twarz/Oczyszczanie i demakijaż/Toniki do twarzy,4.0,(27 Opinii),None
168,"https://www.rossmann.pl/Produkt/Kremy-do-twarzy/Mixa-nawilzajacy-krem-przeciw-niedoskonalosciom-na-dzien-i-na-noc-2w1-skora-wrazliwa-50-ml,243206,9223","31,99 zł","22,49 zł",DOSTĘPNY ONLINE,Twarz/Pielęgnacja twarzy/Kremy do twarzy,None,None,kobieta 
169,"https://www.rossmann.pl/Produkt/Zele-i-pianki-do-twarzy/OnSkin-by-Biotaniqe-lagodny-zel-oczyszczajacy-do-twarzy-150-ml,372138,8690","17,49 zł","12,29 zł",DOSTĘPNY ONLINE,Twarz/Oczyszczanie i demakijaż/Żele i pianki do twarzy,None,None,None
170,"https://www.rossmann.pl/Produkt/Peelingi-do-twarzy/OnSkin-by-Biotaniqe-peeling-enzymatyczny-75-ml,382298,8695","18,49 zł","12,99 zł",DOSTĘPNY ONLINE,Twarz/Oczyszczanie i demakijaż/Peelingi do twarzy,None,None,None
171,"https://www.rossmann.pl/Produkt/Toniki-do-twarzy/OnSkin-by-Biotaniqe-tonik-oczyszczajacy-150-ml,382296,8692","18,49 zł","12,99 zł",DOSTĘPNY ONLINE,Twarz/Oczyszczanie i demakijaż/Toniki do twarzy,None,None,None
172,"https://www.rossmann.pl/Produkt/Serum/OnSkin-by-Biotaniqe-serum-przeciw-niedoskonalosciom-cera-problematyczna-20-ml,382245,9225","27,49 zł","18,99 zł",DOSTĘPNY ONLINE,Twarz/Pielęgnacja twarzy/Serum,None,None,None
173,"https://www.rossmann.pl/Produkt/Kremy-do-twarzy/OnSkin-by-Biotaniqe-nawilzajacy-krem-matujacy-na-dzien-i-na-noc-50-ml,382242,9223","22,49 zł","15,99 zł",DOSTĘPNY ONLINE,Twarz/Pielęgnacja twarzy/Kremy do twarzy,None,None,kobieta 
174,"https://www.rossmann.pl/Produkt/Kremy-do-twarzy/OnSkin-by-Biotaniqe-krem-przeciw-niedoskonalosciom-na-dzien-i-na-noc-50-ml,382243,9223","22,49 zł","15,99 zł",DOSTĘPNY ONLINE,Twarz/Pielęgnacja twarzy/Kremy do twarzy,None,None,kobieta 
175,"https://www.rossmann.pl/Produkt/Zele-i-pianki-do-twarzy/Selfie-Project-Acne-Skin-zel-do-mycia-twarzy-gleboko-oczyszczajacy-250-ml,379109,8690","18,99 zł","13,29 zł",DOSTĘPNY ONLINE,Twarz/Oczyszczanie i demakijaż/Żele i pianki do twarzy,None,None,None
176,"https://www.rossmann.pl/Produkt/Peelingi-do-twarzy/Selfie-Project-Acne-Skin-peeling-enzymatyczny-do-twarzy-75-ml,397260,8695","18,99 zł","13,29 zł",DOSTĘPNY ONLINE,Twarz/Oczyszczanie i demakijaż/Peelingi do twarzy,None,None,None
177,"https://www.rossmann.pl/Produkt/Toniki-do-twarzy/Selfie-Project-Acne-Skin-tonik-do-twarzy-regulujacy-150-ml,379113,8692","17,99 zł","12,49 zł",DOSTĘPNY ONLINE,Twarz/Oczyszczanie i demakijaż/Toniki do twarzy,None,None,None
178,"https://www.rossmann.pl/Produkt/Kremy-do-twarzy/Selfie-Project-Acne-Skin-krem-na-dzien-i-na-noc-kojacy-i-regenerujacy-50-ml,379106,9223","21,99 zł","15,49 zł",DOSTĘPNY ONLINE,Twarz/Pielęgnacja twarzy/Kremy do twarzy,None,None,kobieta 
179,"https://www.rossmann.pl/Produkt/Zele-i-pianki-do-twarzy/Selfie-Project-zel-do-mycia-twarzy-250-ml,251082,8690","17,99 zł","12,49 zł",DOSTĘPNY ONLINE,Twarz/Oczyszczanie i demakijaż/Żele i pianki do twarzy,4.5,(16 Opinii),None
180,"https://www.rossmann.pl/Produkt/Peelingi-do-twarzy/Selfie-Project-aktywny-peeling-myjacy-150-ml,269028,8695","17,99 zł","12,49 zł",DOSTĘPNY ONLINE,Twarz/Oczyszczanie i demakijaż/Peelingi do twarzy,None,None,None
181,"https://www.rossmann.pl/Produkt/Plyny-micelarne/Neutrogena-Clear-Soothe-zel-micelarny-kurkuma-200-ml,357980,8770","22,99 zł","15,99 zł",DOSTĘPNY ONLINE,Twarz/Oczyszczanie i demakijaż/Płyny micelarne,None,None,None
182,"https://www.rossmann.pl/Produkt/Toniki-do-twarzy/Neutrogena-Clear-Soothe-mgielka-do-twarzy-z-kurkuma-125-ml,357981,8692","22,99 zł","15,99 zł",DOSTĘPNY ONLINE,Twarz/Oczyszczanie i demakijaż/Toniki do twarzy,None,None,None
183,"https://www.rossmann.pl/Produkt/Kremy-do-twarzy/Neutrogena-Clear-Soothe-krem-nawilzajacy-z-kurkuma-75-ml,357982,9223","22,99 zł","15,99 zł",DOSTĘPNY ONLINE,Twarz/Pielęgnacja twarzy/Kremy do twarzy,None,None,None
184,"https://www.rossmann.pl/Produkt/Toniki-do-twarzy/Barwa-Siarkowa-tonik-siarkowy-pielegnacja-antytradzikowa-200-ml,180432,8692","18,99 zł","13,29 zł",DOSTĘPNY ONLINE,Twarz/Oczyszczanie i demakijaż/Toniki do twarzy,None,None,None
185,"https://www.rossmann.pl/Produkt/Kremy-do-twarzy/Barwa-Siarkowa-siarkowy-krem-matujacy-antytradzikowy-50-ml,120061,9223","19,99 zł","13,99 zł",DOSTĘPNY ONLINE,Twarz/Pielęgnacja twarzy/Kremy do twarzy,None,None,kobieta 
186,"https://www.rossmann.pl/Produkt/Kremy-do-twarzy/Barwa-Siarkowa-siarkowy-krem-nawilzajacy-50-ml,200860,9223","19,99 zł","13,99 zł",DOSTĘPNY ONLINE,Twarz/Pielęgnacja twarzy/Kremy do twarzy,None,None,kobieta 
187,"https://www.rossmann.pl/Produkt/Zele-i-pianki-do-twarzy/Under-Twenty-Anti-Acne-aktywna-pianka-detoksykujaca-cera-mieszana-i-tlusta-z-niedoskonalosciami-,344097,8690","19,99 zł","12,99 zł",DOSTĘPNY ONLINE,Twarz/Oczyszczanie i demakijaż/Żele i pianki do twarzy,None,None,None
188,"https://www.rossmann.pl/Produkt/Toniki-do-twarzy/Under-Twenty-Anti-Acne-oczyszczajacy-tonik-antybakteryjny-200-ml,344089,8692","17,49 zł","10,99 zł",DOSTĘPNY ONLINE,Twarz/Oczyszczanie i demakijaż/Toniki do twarzy,None,None,None
189,"https://www.rossmann.pl/Produkt/Zele-i-pianki-do-twarzy/Under-Twenty-antybakteryjny-zel-lagodzacy-do-mycia-twarzy-cera-wrazliwa-z-niedoskonalosciami-190,331516,8690","17,49 zł","10,99 zł",DOSTĘPNY ONLINE,Twarz/Oczyszczanie i demakijaż/Żele i pianki do twarzy,None,None,None
190,"https://www.rossmann.pl/Produkt/Zele-i-pianki-do-twarzy/Under-Twenty-Anti-Acne-pianka-do-mycia-twarzy-o-dzialaniu-antybakteryjnym-150-ml,357296,8690","19,99 zł","12,99 zł",DOSTĘPNY ONLINE,Twarz/Oczyszczanie i demakijaż/Żele i pianki do twarzy,None,None,None
191,"https://www.rossmann.pl/Produkt/Peelingi-do-twarzy/Under-Twenty-Anti-Acne-enzymatyczny-peeling-antybakteryjny-papaina-biala-glinka-zielone-mango-,358495,8695","19,99 zł","13,99 zł",DOSTĘPNY ONLINE,Twarz/Oczyszczanie i demakijaż/Peelingi do twarzy,None,None,None
192,"https://www.rossmann.pl/Produkt/Toniki-do-twarzy/Under-Twenty-Anti-Acne-matujacy-tonik-antybakteryjny-przeciw-zaskornikom-200-ml,357295,8692","15,49 zł","9,99 zł",DOSTĘPNY ONLINE,Twarz/Oczyszczanie i demakijaż/Toniki do twarzy,None,None,None
193,"https://www.rossmann.pl/Produkt/Toniki-do-twarzy/Under-Twenty-Anti-Acne-prebiotyczny-tonik-w-mgielce-cera-wrazliwa-z-niedoskonalosciami-200-ml,344086,8692","17,49 zł","10,99 zł",DOSTĘPNY ONLINE,Twarz/Oczyszczanie i demakijaż/Toniki do twarzy,None,None,None
194,"https://www.rossmann.pl/Produkt/Peelingi-do-twarzy/Under-Twenty-Anti-Acne-peeling-maska-do-twarzy-2w1-130-ml,378926,8695","19,99 zł","12,99 zł",DOSTĘPNY ONLINE,Twarz/Oczyszczanie i demakijaż/Peelingi do twarzy,None,None,None
195,"https://www.rossmann.pl/Produkt/Zele-i-pianki-do-twarzy/Under-Twenty-pasta-myjaca-do-kaprysnej-cery-zielona-glinka-150-ml,344101,8690","17,99 zł","11,49 zł",DOSTĘPNY ONLINE,Twarz/Oczyszczanie i demakijaż/Żele i pianki do twarzy,None,None,None
196,"https://www.rossmann.pl/Produkt/Kremy-do-twarzy/Under-Twenty-wysoko-skoncentrowany-punktowy-krem-redukujacy-niedoskonalosci-15-ml,390158,9223","17,49 zł","10,99 zł",DOSTĘPNY ONLINE,Twarz/Pielęgnacja twarzy/Kremy do twarzy,None,None,kobieta 
197,"https://www.rossmann.pl/Produkt/Kremy-bb-i-cc/Under-Twenty-Anti-Acne-krem-BB-matujacy-o-dzialaniu-antybakteryjnym-nr-01-Jasny-60-ml,121841,8551","17,99 zł","11,49 zł",DOSTĘPNY ONLINE,Makijaż/Twarz/Kremy bb i cc,None,None,None
198,"https://www.rossmann.pl/Produkt/Kremy-bb-i-cc/Under-Twenty-Anti-Acne-krem-BB-matujacy-o-dzialaniu-antybakteryjnym-nr-02-Naturalny-60-ml,178299,8551","17,99 zł","11,49 zł",DOSTĘPNY ONLINE,Makijaż/Twarz/Kremy bb i cc,None,None,None
199,"https://www.rossmann.pl/Produkt/Zele-i-pianki-do-twarzy/Ziaja-Jeju-biale-mydlo-do-twarzy-przeciw-sebum-75-ml,357713,8690","8,49 zł","5,99 zł",DOSTĘPNY ONLINE,Twarz/Oczyszczanie i demakijaż/Żele i pianki do twarzy,None,None,None
